id,user_id,book_id,content,date,created_at,updated_at
1,1,1,初品加工の重要ポイントを理解した,2024-01-11T00:00:00Z,2024-01-11T00:00:00Z,2024-01-11T00:00:00Z
2,1,1,測定精度のばらつき要因を整理した,2024-01-11T00:00:00Z,2024-01-11T00:00:00Z,2024-01-11T00:00:00Z
3,1,1,加工誤差の統計分析を実施した,2024-01-11T00:00:00Z,2024-01-11T00:00:00Z,2024-01-11T00:00:00Z
4,1,2,材料硬度の変動パターンを把握した,2024-01-12T00:00:00Z,2024-01-12T00:00:00Z,2024-01-12T00:00:00Z
5,1,2,切削条件の最適化案を設計した,2024-01-12T00:00:00Z,2024-01-12T00:00:00Z,2024-01-12T00:00:00Z
6,1,2,試験加工の結果を分析した,2024-01-12T00:00:00Z,2024-01-12T00:00:00Z,2024-01-12T00:00:00Z
7,2,3,高精度加工の課題点を整理した,2024-01-13T00:00:00Z,2024-01-13T00:00:00Z,2024-01-13T00:00:00Z
8,2,3,真円度改善の効果を確認した,2024-01-13T00:00:00Z,2024-01-13T00:00:00Z,2024-01-13T00:00:00Z
9,2,3,機械剛性の影響を評価した,2024-01-13T00:00:00Z,2024-01-13T00:00:00Z,2024-01-13T00:00:00Z
10,3,4,難削材の熱影響を整理した,2024-01-14T00:00:00Z,2024-01-14T00:00:00Z,2024-01-14T00:00:00Z
11,3,4,インコネル加工の刃具摩耗を調査した,2024-01-14T00:00:00Z,2024-01-14T00:00:00Z,2024-01-14T00:00:00Z
12,3,4,加工中の振動パターンを解析した,2024-01-14T00:00:00Z,2024-01-14T00:00:00Z,2024-01-14T00:00:00Z
13,3,5,技能伝承の仕組みを整理した,2024-01-15T00:00:00Z,2024-01-15T00:00:00Z,2024-01-15T00:00:00Z
14,3,5,OJT改善案の検討を行った,2024-01-15T00:00:00Z,2024-01-15T00:00:00Z,2024-01-15T00:00:00Z
15,3,5,教育計画の課題点を抽出した,2024-01-15T00:00:00Z,2024-01-15T00:00:00Z,2024-01-15T00:00:00Z
16,2,6,ロボット動作最適化を検証した,2024-01-16T00:00:00Z,2024-01-16T00:00:00Z,2024-01-16T00:00:00Z
17,2,6,協働ロボットの安全確認項目をまとめた,2024-01-16T00:00:00Z,2024-01-16T00:00:00Z,2024-01-16T00:00:00Z
18,2,6,動作精度の誤差要因を測定した,2024-01-16T00:00:00Z,2024-01-16T00:00:00Z,2024-01-16T00:00:00Z
19,3,7,AIモデルの精度検証を実施した,2024-01-17T00:00:00Z,2024-01-17T00:00:00Z,2024-01-17T00:00:00Z
20,3,7,画像処理アルゴリズムの課題を整理した,2024-01-17T00:00:00Z,2024-01-17T00:00:00Z,2024-01-17T00:00:00Z
21,3,7,教師データの品質を評価した,2024-01-17T00:00:00Z,2024-01-17T00:00:00Z,2024-01-17T00:00:00Z
22,2,8,センサーデータの傾向を分析した,2024-01-18T00:00:00Z,2024-01-18T00:00:00Z,2024-01-18T00:00:00Z
23,2,8,予兆パターンを抽出した,2024-01-18T00:00:00Z,2024-01-18T00:00:00Z,2024-01-18T00:00:00Z
24,2,8,設備ごとの異常確率を測定した,2024-01-18T00:00:00Z,2024-01-18T00:00:00Z,2024-01-18T00:00:00Z
25,3,9,デジタルツインの精度を評価した,2024-01-19T00:00:00Z,2024-01-19T00:00:00Z,2024-01-19T00:00:00Z
26,3,9,シミュレーション誤差の要因を整理した,2024-01-19T00:00:00Z,2024-01-19T00:00:00Z,2024-01-19T00:00:00Z
27,3,9,改善シナリオを試験した,2024-01-19T00:00:00Z,2024-01-19T00:00:00Z,2024-01-19T00:00:00Z
28,1,10,環境影響の要因をまとめた,2024-01-20T00:00:00Z,2024-01-20T00:00:00Z,2024-01-20T00:00:00Z
29,1,10,CO2排出量削減案を検討した,2024-01-20T00:00:00Z,2024-01-20T00:00:00Z,2024-01-20T00:00:00Z
30,1,10,製造工程改善案を分析した,2024-01-20T00:00:00Z,2024-01-20T00:00:00Z,2024-01-20T00:00:00Z